Title,Author,Reading Time,URL
Web Development Fundamentals: A Guide for Beginners and Intermediate Developers,Code & Cozy,6 min read,https://medium.com/@code-and-cozy/web-development-fundamentals-a-guide-for-beginners-and-intermediate-developers-cc24c9d5ada7
Introduction to web development,Ronnel Davis,6 min read,https://medium.com/@ronneldavis/introduction-to-web-development-7d8b913ee2c8
A beginner‚Äôs guide to setting up your computer for web development,Will Farley,6 min read,https://medium.com/@goldhand/absolute-beginners-guide-to-web-development-ad844d72bfd3
35 important concepts and tools for Web Development with examples,Muhammad Irtiza,14 min read,https://medium.com/@mirtiza/35-important-concepts-and-tools-for-web-development-with-examples-e8d198e0dc4b
Web Development Basics,Hardik Shah,3 min read,https://medium.com/@hardikds369/web-development-basics-293bb856b9d5
"Introduction to Web Development, ‚ÄúComputer Basics‚Äù & Setting up my Development Environment",Chioma,3 min read,https://medium.com/@chiomaobukwelu/introduction-to-web-development-computer-basics-setting-up-my-development-environment-badfd36cc435
"How web development got so complicated, and why",Marcos Sandrini,6 min read,https://msandrini.medium.com/how-web-development-got-so-complicated-and-why-f49ad225aca5
Web Development Excellence: Navigating the Best Practices Landscape,Gulshan N,3 min read,https://medium.com/@gulshan_n/web-development-excellence-navigating-the-best-practices-landscape-fa0a93d53e9b
20 top web development blogs,Victor Conesa,12 min read,https://medium.com/uxparadise/20-top-web-development-blogs-a59586b6c442
The Absolute Beginner‚Äôs Guide to Web Development in One Picture,Mihai Stanciu,3 min read,https://medium.com/codex/the-absolute-beginners-guide-to-web-development-in-one-picture-ebf9e8c96bdd
Complete RoadMap For Web Development (Front to Back),Zajjaj Bin Sana,6 min read,https://medium.com/@kzajjaj/complete-roadmap-for-web-development-front-to-back-1ff986b75b8b
Why (and How) I Learned Web Development as a Data Scientist,Matt Chapman,6 min read,https://medium.com/towards-data-science/why-and-how-i-learned-web-development-as-a-data-scientist-ece60064675c
The ultimate beginner‚Äôs guide of how to learn web development (with course review) ‚Äî backup from 2021,Small Town Little Anthony,18 min read,https://small-town-little-anthony.medium.com/the-ultimate-beginners-guide-of-how-to-learn-web-development-with-course-review-backup-from-92fe7b183bce
Web Development at 60 Years Old,Jeffrey Amen,7 min read,https://jeffrey-amen.medium.com/web-development-at-60-years-old-aaceb22db421
CSS for Beginners: What is CSS and How to Use it in Web Development?,Cem Eygi,5 min read,https://medium.com/swlh/css-for-beginners-what-is-css-and-how-to-use-it-in-web-development-5985afe53096
Web Development 101,Ekansh Bansal,5 min read,https://medium.com/the-aparoksha-blog/so-heres-what-we-ll-be-tackling-in-this-blog-first-up-we-re-gonna-talk-a-little-bit-about-the-b1bf2f92255b
Ultimate Roadmap To Web Development in 2021,Shazin Rahman,8 min read,https://medium.com/@shazin/ultimate-roadmap-to-web-development-in-2021-e7c7c88eac06
How To Explain Web Development To A Non-Technical Person?,Oleg Lozovatyi,5 min read,https://medium.com/@oleg_lozovatyi/how-to-explain-web-development-to-a-non-technical-person-6924d1a6dfde
The Guaranteed Fastest Way to Break into Web Development,Yazeed Bzadough,4 min read,https://medium.com/front-end-weekly/the-guaranteed-fastest-way-to-break-into-web-development-8efa573b59e9
How I started Web Development‚Ä¶,Anshika Gupta,4 min read,https://medium.com/@anshikaguptag5544/how-i-started-web-development-dd1af450b787
Is Web Development Easy?,Ishita Raina,2 min read,https://medium.com/@dev.ishita/is-web-development-easy-d9c0c7c4ec19
Web Development 2018 üë©‚Äçüíª üë®‚Äçüíª‚Äî Year in Review,Andrei Neagoie,12 min read,https://medium.com/zerotomastery/web-development-2018-year-in-review-517d2293f73d
My journey to becoming a web developer from scratch without a CS degree (and what I learned from it),Sergei Garcia,25 min read,https://medium.com/free-code-camp/my-journey-to-becoming-a-web-developer-from-scratch-without-a-cs-degree-2-years-later-and-what-i-4a7fd2ff5503
A beginners guide to setting up a modern web development environment on Windows 10,Michael O'Sullivan,7 min read,https://medium.com/@mfosullivan/a-beginners-guide-to-setting-up-a-modern-web-development-environment-on-windows-10-4d75cd94cde8
Why is there so much to learn in web development?,Matt Burgess,13 min read,https://mattburgess.medium.com/why-is-there-so-much-to-learn-in-web-development-41adbc54731c
Navigating the Full Stack LLM Web Development with Zero Frontend Knowledge,Geoffrey Hung,4 min read,https://medium.com/@geoffreyhung/navigating-the-full-stack-llm-web-development-with-zero-frontend-knowledge-caaeb15c296f
How much JavaScript is required to get started with web development or should you switch to Framework?,Prasun Das,13 min read,https://prasundas115.medium.com/javascript-required-to-get-started-with-web-development-or-should-you-switch-to-frameworks-5deb3abd6a55
How I Learned Front-end Web Development For Free In 5 Days,Qasim Hussain,7 min read,https://qaxim.medium.com/how-i-learned-front-end-web-development-for-free-in-5-days-a1df2f633796
First Web Development Course,Angelo Ibarrola,3 min read,https://medium.com/@angeloibarrola/first-web-development-course-cfc1c69ae676
Make web development on Android device,Joris L.,3 min read,https://medium.com/@joris.l/make-web-development-on-android-device-670f56c38dfe
How Should You Start Web Development in 2024,Yunus Emre Adas,3 min read,https://medium.com/write-a-catalyst/how-should-you-start-web-development-in-2024-62ee8deffe5f
How to Get Started into Web Development,Usman Ali,4 min read,https://medium.com/@usmanialiq/how-to-get-started-into-web-development-a-definitive-guide-84f86bcc5291
From web development to software development: How I got started,Ricky Voltz,7 min read,https://medium.com/bento-systems/from-web-development-to-software-development-how-i-got-started-5d617df72c60
How I Started My Web Development Journey,Kourken Kasbarian,7 min read,https://medium.com/@kourkenkasbarian/how-i-started-my-web-development-journey-cc7e9e40b58d
An Introduction to Web Development,Matt Bloomfield,4 min read,https://medium.com/@mc_bloomfield/an-introduction-to-web-development-8d1b5ed493fb
How to Get Started with Web Development + Where to Go Next,Beatrice Bock (@techwithtris),5 min read,https://medium.com/@BeatriceBock/how-to-get-started-learning-web-development-c621f0cb47b3
Routing in Web Development,Abhi Kshirsagar,3 min read,https://medium.com/@abhikshirsagar1999/routing-in-web-development-f3e5c75c49c5
"Algorithms, Data Structures and Web Development",Felipe Ribeiro,5 min read,https://medium.com/@felipernb/algorithms-data-structures-and-web-development-7772e088f1d3
What do Well-Known Developers Like Most About Developing?,David Morales,3 min read,https://medium.com/@davidmles/what-do-you-enjoy-the-most-about-web-development-f1431f41f84e
Transitioning from flutter to web development.,Anslem,3 min read,https://medium.com/@anslemAnsy/transitioning-from-flutter-to-web-development-ebb08e30e5e4
If I Had to Start Web Development All Over Again This 2021,Ann Adaya,7 min read,https://medium.com/swlh/if-i-had-to-start-web-development-all-over-again-this-2021-238e7b04f3e9
Is front-end web development a good career in 2023?,G√°bor Pint√©r,2 min read,https://medium.com/@gaborpinter/is-front-end-web-development-a-good-career-in-2023-9a46ab6f0d5c
Learn Web Development For Data Science,James Briggs,6 min read,https://medium.com/towards-data-science/learn-web-development-for-data-science-2c4564b53670
Why Learning Web Development is Bullshit,Benjamin Miller,11 min read,https://medium.com/@BenjaminCodes/why-learning-web-development-is-bullshit-a4deffa4b87d
How (not) to teach web development,Sam Dutton,3 min read,https://medium.com/@samdutton/a-manifesto-for-teaching-web-development-ba886d4aeb27
Web Development Case Study: Sorority Site,Kiana Stevenson,7 min read,https://medium.com/@kianastevenson02/web-development-case-study-80fe8470a37d
The Web Development Spectrum,David Storey,6 min read,https://medium.com/@david_panik/the-web-development-spectrum-ce221c440171
How I Learned Front-end Web Development for Free in Five Days,Dave Bailey,7 min read,https://foundercoach.medium.com/how-to-learn-front-end-web-development-for-free-in-5-days-25aa6021aa3b
Surviving in the fast-paced world of Web Development.,Gideon Peters,5 min read,https://medium.com/reftek-consulting/surviving-in-the-fast-paced-world-of-web-development-5f0920ad2b40
How to teach web development to n00bs,Shamoon Siddiqui,4 min read,https://medium.com/things-developers-care-about/how-to-teach-web-development-to-n00bs-b1d29827ecca
"Master web development with these 9,985 weird tricks",David Gilbertson,10 min read,https://medium.com/@david.gilbertson/master-web-development-with-these-9-985-weird-tricks-77c71d1d96f3
Setting Up A Web Development Environment On Your Android Device.,James Chika Chrismarcel,3 min read,https://medium.com/@chrismarcel/setting-up-a-web-development-environment-on-your-android-device-dfb26b6ca06
Web Development,Tom Sharman,10 min read,https://medium.com/@TOMSHARMAN/web-development-fc60c2009a06
Modern Web Development,Mark Nutter,34 min read,https://medium.com/hackernoon/modern-web-development-bf0b2ef0e22e
Web development in C: crazy? Or crazy like a fox?,Luc Perkins,6 min read,https://medium.com/@lucperkins/web-development-in-c-crazy-or-crazy-like-a-fox-ff723209f8f5
A Guide to Staying up to Date with Web Development Trends and News,Maria Schuessler,3 min read,https://medium.com/better-programming/my-guide-to-staying-up-to-date-with-web-development-trends-and-news-7110fd913a5e
My favourite course instructors for web development,Albert Kim,6 min read,https://medium.com/@albert.kim/my-favourite-course-instructors-for-web-development-760de4e10e31
Is Web Development Computer Science or Graphic Design?,Andrew Musholt,3 min read,https://medium.com/@apmusholt/is-web-development-computer-science-or-graphic-design-5ece5321aac9
Introduction to Web Development,Xspaces,7 min read,https://medium.com/@xspaces2011/introduction-to-web-development-b3f4ef427213
The unstoppable fall of web development,Antony Melvin,3 min read,https://medium.com/@amelvin/the-unstoppable-fall-of-web-development-15fb84aed8c9
No Title,Jordan Scales,6 min read,https://medium.com/@jdan/falling-in-love-with-web-development-again-c8eb872fc98c
My web development environment,Henrique Vicente de Oliveira Pinto,20 min read,https://medium.com/@henvic/my-web-development-environment-ac1fa38e9e7b
Web Development Trends For 2015 And Beyond,Shiju Varghese,9 min read,https://medium.com/@shijuvar/web-development-trends-for-2015-and-beyond-c2d3c1ef5718
A Complete Guide: What Is Web Development & How Does It Work?,MarsDevs,13 min read,https://medium.com/@marsdevs./a-complete-guide-what-is-web-development-how-does-it-work-9955535f6103
What is web development and its features and types?,Ahmod Musa,3 min read,https://medium.com/@musa379/what-is-web-development-and-its-features-and-types-64d163e18ff3
What is Web Development? Complete Roadmap from Basics to Advanced,Rashmi Patil,4 min read,https://medium.com/@rashmipatil24/what-is-web-development-complete-roadmap-from-basics-to-advanced-5fbd957b8a0e
Proven Fastest Way To Learn Web Development,DianApps Technologies,7 min read,https://medium.com/@marketing_96275/proven-fastest-way-to-learn-web-development-f0586b9d253d
Introduction to Web Development Fundamentals,Mahendra Choudhary,12 min read,https://medium.com/swlh/introduction-to-web-development-fundamentals-b89f5c91ed3f
A beginner‚Äôs guide to web development,Hasan Raza,4 min read,https://medium.com/@hasanraza24/a-beginners-guide-to-web-development-76c65a8b76f9
Intro to Modern Web Development,Singhalpriyansh,4 min read,https://medium.com/javarevisited/intro-to-modern-web-development-d714563c87e
Web Development for Beginners: A Complete Guide,Fahd Ali,4 min read,https://medium.com/@iamfahd/web-development-for-beginners-a-complete-guide-e5fd80fc35c4
How I Started in Web Development,Karel Moryoussef,5 min read,https://medium.com/star-gazers/how-i-started-in-web-development-2d988db9a4c
The Evolution of Web Development: From HTML to Modern Frameworks,Make Computer Science Great Again,6 min read,https://medium.com/@MakeComputerScienceGreatAgain/the-evolution-of-web-development-from-html-to-modern-frameworks-b10a98ad91b6
"Mastering Advanced Web Development: Techniques, Tools, and Best Practices",Muhammed cuma,4 min read,https://muhammedcuma.medium.com/mastering-advanced-web-development-techniques-tools-and-best-practices-36376a949914
Roadmap to Becoming a Web Developer,SUEDE Blueprint,18 min read,http://medium.com/design-bootcamp/roadmap-to-becoming-a-web-developer-9d3cac22a397
Web Development Crash Course: A step-by-step guide to the basics with free learning resources,Gordian Etim,4 min read,https://medium.com/design-bootcamp/web-development-crash-course-a-step-by-step-guide-to-the-basics-with-free-learning-resources-3d0f93b1b02d
Web Development 101,Akshat Gupta,6 min read,https://medium.com/codechef-vit/web-development-101-with-codechefvit-4ec369e86f68
Web Development Stacks: Choosing the Right Technologies,‚ú® They Make Design ‚ú®,11 min read,https://medium.com/theymakedesign/what-is-web-development-stack-a9a01c5ab9e8
A Bit About Web Development,Krisha Mehta,3 min read,https://medium.com/code-like-a-girl/a-bit-about-web-development-e02699a26ad
Web Development Fundamentals for Beginners (Part 1: Frontend),Aditya Pratyush,9 min read,https://medium.com/swlh/web-development-fundamentals-for-newcomers-part-1-front-end-2e77f830754e
High-Level Overview of Web Development,Gibson Joseph,4 min read,https://medium.com/yavar/high-level-overview-of-web-development-be66aa83a7ee
7 Steps of the Web Development Process,UIDesignz - UI UX Design Company,4 min read,https://medium.com/@uidesign0005/7-steps-of-the-web-development-process-790f15ef551d
Web Development Fundamentals Every Developer Needs to Know,Natasha Ferguson,9 min read,https://medium.com/@teamtechsis/web-development-fundamentals-every-developer-needs-to-know-62295c25ef95
A Beginner Friendly Guide to Web Development.,Rajat M,8 min read,https://rajat-m.medium.com/a-beginner-friendly-guide-to-the-world-of-web-development-6a575cb1ba9f?source=post_internal_links---------7----------------------------
A Beginner‚Äôs Guide to Web Development: 10 Essential Steps,DataScience Nexus,6 min read,https://medium.com/@datasciencenexus/a-beginners-guide-to-web-development-10-essential-steps-f6222d42ce4c
Roadmap for Web Development,Chirag Jain,10 min read,https://cjchirag7.medium.com/roadmap-for-web-development-f7cac7e23485
Web Development 101,S Patel,3 min read,https://medium.com/@bluebirdie/web-development-101-a4590eea8ce7
Starting Web Development ? See this üëá,PARAB,2 min read,https://voidhat.medium.com/starting-web-development-see-this-87e875a217c1
Getting Started in Web Development: Essential Tips for Beginners,Dr. Adam Nielsen,4 min read,https://medium.com/@iwasherefirst2/getting-started-in-web-development-essential-tips-for-beginners-e0c3475ff533
Introduction to JavaScript and its Role in Web Development,Dhanush Kumar Suresh,3 min read,https://medium.com/@dhanushkumarsuresh/introduction-to-javascript-and-its-role-in-web-development-8d920aa7b553
How to Learn Web Development Using Free Resources,Nitin Sharma,14 min read,https://medium.com/@nitinfab/how-to-learn-web-development-using-free-resources-1c677e70de14
How Should You Start Web Development in 2025?,Rashmi Patil,4 min read,https://medium.com/@rashmipatil24/how-should-you-start-web-development-in-2025-badec326bce9
Why Ubuntu (Linux) Reigns Supreme for Web Development,Code Jones - Alan Jones Burga,12 min read,https://medium.com/@ajonesb/why-ubuntu-linux-reigns-supreme-for-web-development-87561d8b2f14
The Ultimate Guide to PHP Web Development: Crafting Seamless Online Experiences,Quickway Infosystems,4 min read,https://medium.com/@Quickway_Infosystems/the-ultimate-guide-to-php-web-development-crafting-seamless-online-experiences-c2073c3cd510
Ultimate Web Development Tips and Resources,Neel Vikmani,5 min read,https://neelvikmani.medium.com/ultimate-web-development-tips-and-resources-c69ae1c04726
Planning Your Web Development Roadmap,Nevin Katz,5 min read,https://medium.com/codex/how-to-get-started-with-web-development-66cb0c33e6db
My thoughts on Brad Travery‚Äôs ‚ÄúWeb Development in 2024‚Äù video,Eric van Rees,4 min read,https://medium.com/@ericvanrees/my-thoughts-on-brad-traverys-web-development-in-2024-video-734e547a5e9c
From Software to Data: My gradual transition from web development to data analysis,Juliet Ofoegbu,4 min read,https://medium.com/@JulietOma/from-software-to-data-my-gradual-transition-from-web-development-to-data-analysis-2ab545f3c763
How to start web development from scratch?,specky dude,2 min read,https://medium.com/design-bootcamp/how-to-start-web-development-from-scratch-e020b61fa109
Study Web Development or Data Science in Tokyo: an international student‚Äôs guide,Le Wagon Tokyo,6 min read,https://medium.com/le-wagon-tokyo/study-web-development-or-data-science-in-tokyo-an-international-students-guide-6b1faf000daa
"Libraries, packages and other web development tools. How many do you need?",Dimterion,6 min read,https://medium.com/@dimterion/libraries-packages-and-other-web-development-tools-how-many-do-you-need-11b818cbbf1b
Introduce yourself to web development,Umoren Samuel,5 min read,https://medium.com/@umorensamuel/developers-developers-developers-developers-5483648ac5d2
What Do We Call Web Development?,Christine Benson,2 min read,https://medium.com/wdwc-web-development/what-do-we-call-web-development-fd8ef601cb30
Practical Problem-Solving and Critical Thinking Blueprint in Web Development for Real-World Projects,Peymaan Abedinpour,11 min read,https://medium.com/@peymaan.abedinpour/practical-problem-solving-and-critical-thinking-blueprint-in-web-development-for-real-world-066b80e643fc
Me and Web Development,Umaima Zafar,3 min read,https://medium.com/@umaimazafar62/me-and-web-development-23f5c4ddae91
"I was about to quit Web development in the very first month but then ,",5 Minute Read,3 min read,https://medium.com/javascript-in-plain-english/i-was-about-to-quit-web-development-in-the-very-first-month-but-then-1f02976d2e3d
Golang in Web Development,Peymaan Abedinpour,15 min read,https://medium.com/@peymaan.abedinpour/golang-in-web-development-b58a928e498a
Should I Learn Programming or Web Development?,Dino Cajic,5 min read,https://medium.com/dev-genius/should-i-learn-programming-or-web-development-518917e3d3f0
Introduction to the DOM: A Beginner‚Äôs Guide to Web Development,Abhi Kshirsagar,3 min read,https://medium.com/@abhikshirsagar1999/introduction-to-the-dom-a-beginners-guide-to-web-development-01196817ed33
Unveiling the Art and Science of Web Development,Ali Raza,3 min read,https://medium.com/@alirazahub/unveiling-the-art-and-science-of-web-development-859b621fd028
HOW TO START WEB DEVELOPMENT AS A BEGINNER. BEST RESOURCES. MISTAKES TO AVOID.,Manglaaryan,3 min read,https://medium.com/@manglaaryan178/how-to-start-web-development-as-a-beginner-best-resources-mistakes-to-avoid-6334b2c3829a
How I Save 5+ Hours a Day on Web Development with These Websites,PRADIP KAITY,7 min read,https://medium.com/design-bootcamp/how-i-save-5-hours-a-day-on-web-development-with-these-websites-e651bc6336f3
Creative Web Development: Nurturing Digital Innovation,DianApps Technologies,4 min read,https://medium.com/@marketing_96275/creative-web-development-nurturing-digital-innovation-d94014a45cd5
Unleashing The Power Of Local-First Web Development: A Paradigm Shift In Web Engineering,InRhythm‚Ñ¢,4 min read,https://medium.com/@GetInRhythm/unleashing-the-power-of-local-first-web-development-a-paradigm-shift-in-web-engineering-f272d99397b7
Navigating the Web Development landscape: a year in review,Jeremy Rivera,7 min read,https://medium.com/@jeremy-rivera/navigating-the-web-development-landscape-a-year-in-review-dbca9fdf4f4c
A Comprehensive Guide to Web Development Stacks,Olga Green,5 min read,https://medium.com/@greennolgaa/a-comprehensive-guide-to-web-development-stacks-a9817707e6ed
Learning Web Development online.,Daisy Jelagat,4 min read,https://medium.com/@daisyjelagat/learning-web-development-online-93058b6fcdc8
Switching from Front-End Web Development to React Native ‚Äî Six Months in Highlights,Radoslav Popov,12 min read,https://medium.com/@radoslav.popov/switching-from-front-end-web-development-to-react-native-6-months-in-highlights-c78ccd14581a
Getting Started with Web Development : Ultimate Resource List,Mukilan Krishnakumar,6 min read,https://medium.com/@mukilankrishnakumar2002/getting-started-with-web-development-ultimate-resource-list-3d124d5f3063
Web development on an iPad Pro,Timo Holz,4 min read,https://medium.com/@TimoHolz/web-development-on-an-ipad-pro-24f41292852b
Web Development Architecture Patterns (and When to Use Them),Slalom Boston Technology Enablement,3 min read,https://medium.com/slalom-blog/web-development-architecture-patterns-and-when-to-use-them-9037c1eef5a0
Is ‚ÄúAngela Yu: Web Development Bootcamp 2022‚Äù Worth For Beginners ?,Berkay √áIRAK,5 min read,https://medium.com/@berkaycrk/is-angela-yu-web-development-bootcamp-2022-worth-for-beginners-a84a73cd15ea
Web Development Trends For 2024,Adarsh Rai,15 min read,https://medium.com/@adarshrai3011/web-development-trends-for-2024-947d7a06890a
Setting up a Windows PC for web development,Hajime Yamasaki Vukelic,11 min read,https://medium.com/@hayavuk/setting-up-a-windows-pc-for-web-development-55afba28a71d
Web Development: Essential Skills for Modern Coders,Muhammad Azeem (Full-Stack Developer),7 min read,https://medium.com/@dev.muhammadazeem/web-development-essential-skills-for-modern-coders-7847d20441b5
How to get started in Web Development: ‚ÄúThe Right Way‚Äù,Saumitra Kumar,5 min read,https://medium.com/@saumitrakumar/how-to-get-started-in-web-development-the-right-way-f0002a3b3b34
Transitioning to Web Development from Mobile App Development,Godlin Josheela Rani S,3 min read,https://medium.com/@godlinjosheelasugki/are-you-a-mobile-app-developer-considering-a-move-to-web-development-df16e232f58b
Web Development With A Chromebook: The Hardware,Jacob Oakley,5 min read,https://medium.com/@jacoboakley/web-development-with-a-chromebook-part-1-the-hardware-543e472e085f
"Web development with Python, really?",Shasha Khairy,6 min read,https://medium.com/siot-govtech/web-development-with-python-really-87e2e39644c8
Variety in Web Development ‚Äî Bane or Benefit?,Todd Cullum,3 min read,https://medium.com/front-end-weekly/variety-in-web-development-bane-or-benefit-9a2daab8bfed
Diving Head First Into Web Development: A Tale of Imposter Syndrome and Overcoming It,Adrian Herrera,3 min read,https://medium.com/@adrianrhmusic/diving-head-first-into-web-development-a-tale-of-imposter-syndrome-and-overcoming-it-a102ead58891
WordPress: Still the Best Choice for Web Development in 2024?,Configr Technologies,5 min read,https://configr.medium.com/wordpress-still-the-best-choice-for-web-development-in-2024-f45b3d8b0ff3
Introducing Web Development as a Productised Service,Richard Oliver Bray,5 min read,https://richbray.medium.com/introducing-web-development-ad-a-productised-service-403cc104f3ca
PurePWA ‚Äî A Radical U-Turn in Web Development,Marc van Neerven,6 min read,https://medium.com/cto-as-a-service/purepwa-a-radical-u-turn-in-web-development-a386c0dc092e
Web-Development is running into the wrong direction,Hagen H√ºbel,2 min read,https://0xhagen.medium.com/web-development-is-running-into-the-wrong-direction-2828c0bd076
JavaScript: The Foundation of Web Development ‚Äî Exploring Derived Languages and Their Applications,Arthur Wellten,3 min read,https://medium.com/@methark/javascript-the-foundation-of-web-development-exploring-derived-languages-and-their-applications-7a0caf8ea9c2
Mastering 3D Web Development,Nex3D Studio,1 min read,https://medium.com/@nex3dstudio/mastering-3d-web-development-c2af6d03d85c
From Non-Tech to Web Development: Navigating the Learning Curve,potzarella.mozzarella,5 min read,https://medium.com/@PixelsAndPersonas/from-non-tech-to-web-development-navigating-the-learning-curve-cee127b2813
How I set up Ubuntu for Web Development,Aleks Brymora,6 min read,https://medium.com/@aleksander.australia/how-i-set-up-ubuntu-for-web-development-ec77f0527346
My Experience Learning Web Development And Design,Ayoub elbouga,4 min read,https://ayoubeelboga.medium.com/my-experience-learning-web-development-and-design-325cde77f660
Navigating the Ever-Changing World of Web Development,Corey Sutton,5 min read,https://medium.com/@coreysuttonse/navigating-the-ever-changing-world-of-web-development-ce3a2208731a
Web Development Notes from a Data Scientist,Wen Yang,7 min read,https://medium.com/towards-data-science/web-development-notes-from-a-data-scientist-95e4794fb4ab
From Web Development to Air Cargo: Rediscovering the Semantic Web in a Surprising Place,Petko Karamotchev,6 min read,https://medium.com/industria-tech/from-web-development-to-air-cargo-rediscovering-the-semantic-web-in-a-surprising-place-1639489e7b99
BCIT ‚Äî New Media and Web Development Program Overview (Term 1),Courtney,9 min read,https://medium.com/@courtney.m.yan/bcit-new-media-and-web-development-program-overview-term-1-40269fb8c9dc
"Try web development, it‚Äôs fun!",Reuben Reyes,7 min read,https://medium.com/@reubenreyes/try-web-development-its-fun-682f0cd527e9
Top 10 Web Development Project Ideas For Beginners,Rohan Rao,4 min read,https://medium.com/write-a-catalyst/beginner-web-development-project-ideas-html-css-javascript-5dc93cdc2c2f
BCIT New Media Design & Web Development ‚Äî Term 2,Leeor Burton,6 min read,https://medium.com/@burtonleeor/bcit-new-media-design-web-development-term-2-771172c3c44b
Not your grandpa‚Äôs web development,Jordan Haines,6 min read,https://medium.com/@JordanAHaines/not-your-grandpas-web-development-b1622e3a4382
Web development in 2016. Recreating my personal website.,Markus Th√∂mmes,4 min read,https://medium.com/@markusthoemmes/web-development-in-2016-recreating-my-personal-website-5f3258a64655
‚ÄúThe Browser Revolution: How HTML5 Transformed Web Development Forever‚Äù,Nishant Kumar,2 min read,https://medium.com/@nishantkumar.jss/the-browser-revolution-how-html5-transformed-web-development-forever-d6efd0b7af78
Why Visual Studio Code is the best code editor for web development,Yousif Al-Raheem,5 min read,https://medium.com/swlh/why-visual-studio-code-is-the-best-code-editor-for-web-development-1b2096051c64
AI in Web Development: Breaking Down the Future,‚ú® They Make Design ‚ú®,11 min read,https://medium.com/theymakedesign/ai-in-web-development-9a1b5f04eee
How to Start Your Web Development Journey?,Salik Saleem,3 min read,https://medium.com/@saleemsalik786/how-to-start-your-web-development-journey-9e440df540f5
Secrects to Web Development: Why Design is Key,Linda Olela,3 min read,https://medium.com/@lindaolela/secrects-to-web-development-why-desing-is-key-6282421de29a
How I learned web development,aps08,4 min read,https://aps08.medium.com/how-i-learned-web-development-b290669466df?source=post_internal_links---------2----------------------------
Revving up for 2023: The Ultimate Guide to Web Development Success!,Hiren Vaghasiya,10 min read,https://medium.com/learnbeginner/the-2023-roadmap-for-beginners-hiren-vaghasiya-402ccc49c9eb
How do I get started with web development using Django?,Vinay Somawat,2 min read,https://medium.com/@vinaysomawat/how-do-i-get-started-with-web-development-using-django-a1f665944f44
Why you HATE Web Development,Jamie Powell,4 min read,https://medium.com/@jamie.powell/why-you-hate-web-development-83bbacc00564
Best way to learn web development,Shahan Chowdhury,5 min read,https://codewithshahan.medium.com/best-way-to-learn-web-development-adbd5363c8f9?source=rss------web-5
How I Became Interested In Front-End Web Development,Candice Zakariya,2 min read,https://medium.com/@candicezakariya/how-i-became-interested-in-front-end-web-development-be01d2429225
My Minimal Web Development Setup,Saurabh Sharma,5 min read,https://medium.com/@itsjzt/my-minimal-web-development-setup-475a09bd10a1
Turning Pages in a New Direction: My Journey Into Web Development,Chidubem Okoli,2 min read,https://medium.com/@Duubemmm/turning-pages-in-a-new-direction-my-journey-into-web-development-11e2848a3e9f
No Title,Oleksandr Davyskyba,4 min read,https://medium.com/@zviryatko/the-ultimate-guide-to-setting-up-your-windows-pc-for-web-development-393a6e2c70c6
Intro to Front-End Web Development,Charlie O'Hara,4 min read,https://medium.com/@cbohara/javascript-and-functional-programming-an-introduction-for-code-newbies-eac12ceff7b3
Web Development for Beginners: A Roadmap to Get Started,Bart Zalewski,3 min read,https://medium.com/@bartzalewski/web-development-for-beginners-a-roadmap-to-get-started-0844d1c084ff
Understanding Request and Response in Web Development: A Comprehensive Guide,AI Consultant,5 min read,https://medium.com/@cronjit/understanding-request-and-response-in-web-development-a-comprehensive-guide-f357d25d0843
Why I Quit Web Development for a Digital Marketing Role,Stuart Costen,6 min read,https://medium.com/swlh/why-i-quit-web-development-for-a-digital-marketing-role-340e2348c421
Why You Should Start Learning Server-side Web Development,Leo Espinal,4 min read,https://medium.com/swlh/why-you-should-start-learning-server-side-web-development-a08cd4a300e0
The Chronicles: Learning Web Development at Bitmaker Labs (Week 3),Tara Mahoney,4 min read,https://medium.com/the-chronicles-learning-web-development-at/the-chronicles-learning-web-development-at-bitmaker-labs-week-3-4ea646ad5dbf
Beginning Web Development without a PC,Ezekiel Oladejo,4 min read,https://medium.com/codebagng/beginning-web-development-without-a-pc-bc0bd1ce01ff
Transitioning from Web Development to AI and Machine Learning: Why I‚Äôm Exploring This Exciting Shift,Kinza Malik,3 min read,https://medium.com/@kinzaymalik/transitioning-from-web-development-to-ai-and-machine-learning-why-im-exploring-this-exciting-c1a6babf87cd
How I got into web development + tips and advice for beginners,Jelena,1 min read,https://medium.com/vanila-blog/how-i-got-into-web-development-tips-and-advice-for-beginners-62fc594222c7
Blockchain with Web Development,abhilash reddy,8 min read,https://medium.com/coinmonks/blockchain-with-web-development-dfb474508fb4
From gamedev to webdev: the unexpected challenges,Larissa Davidova,5 min read,https://medium.com/@larathedev/from-gamedev-to-webdev-the-unexpected-challenges-d8e9d094ca21
Getting Started with Web Development: A Beginner‚Äôs Guide to Building Your Own Website,Abhishek Singh,4 min read,https://abhishekthatguy.medium.com/getting-started-with-web-development-a-beginners-guide-to-building-your-own-website-327960982f03
No Title,Rojhan Paydar,5 min read,https://medium.com/@rojhanpaydar/from-curious-to-coder-my-path-to-web-development-2c0b7b3cd499
Learning Web development,Barbara Mangiri,2 min read,https://medium.com/@barbiedisemyworld/learning-web-development-9f7426e900de
Should you learn web development as a data scientist?,Prarthana Poojara,2 min read,https://medium.com/@prarthana.se18/should-you-learn-web-development-as-a-data-scientist-42d495c903b8
I want to go back to the 1950s of Web Development,Dion Almaer,3 min read,https://medium.com/ben-and-dion/i-want-to-go-back-to-the-1950s-of-web-development-fa69d7fe357a
The Front-End Spectrum,Jeff Pelletier,3 min read,https://medium.com/@withinsight1/the-front-end-spectrum-c0f30998c9f0
Ten Year Outlook on Web Development and Steps to Future Proofing Your Career,Daniel Dodd,4 min read,https://medium.com/kansas-city-web-design/ten-year-outlook-on-web-development-and-steps-to-future-proofing-your-career-ac09b4ebc67e
Stop Learning Web Development: The Realities No One Talks About,Abhishek Tyagi,3 min read,https://medium.com/javascript-in-plain-english/stop-learning-web-development-the-realities-no-one-talks-about-a2eaf055f63e
My Web Development Learning Goals for 2024,Joana Parente,5 min read,https://medium.com/the-balancing-act/my-web-development-learning-goals-for-2024-6123198aacb4
Web Development vs Problem Solving,Ali Msayleb,3 min read,https://medium.com/@alimmsayleb/web-development-vs-problem-solving-6334e711f5c9
What is an efficient web development process?,Lee Edwards,7 min read,https://medium.com/lee-speak/what-is-an-efficient-web-development-process-a2c9f9d31ed6
The Crazy and Wonderful State of Web Development,Lee Falin,12 min read,https://medium.com/@lee.falin/the-crazy-and-wonderful-state-of-web-development-5baa373a1ea2
How I speed up my web development process by 34%,Nejc Rodo≈°ek,6 min read,https://medium.com/@nejcrodosek/how-i-speed-up-my-web-development-process-by-34-3fa6265aa7
Documenting My Web Development/Software Engineering Journey,Marwan Moubayed,3 min read,https://medium.com/@moubayedmarwancoding/documenting-my-web-development-journey-c085275030e2
Starting your Web Development Journey,Aditya Bhardwaj,3 min read,https://medium.com/cloudboost/starting-your-web-development-journey-7559c310c76f
Should We Change Web development?,Marcos Sandrini,8 min read,https://msandrini.medium.com/should-we-change-web-development-9d3ce8f39583
The Chronicles: Learning Web Development at Bitmaker Labs (Week 1),Tara Mahoney,4 min read,https://medium.com/the-chronicles-learning-web-development-at/the-chronicles-learning-web-development-at-bitmaker-labs-e8e91656c546
Navigating the Basics: My Journey with HTML in Web Development,Akshita Gupta,2 min read,https://medium.com/@akshitagupta917/navigating-the-basics-my-journey-with-html-in-web-development-31eda5307c59
My Journey into Web Development: Mastering HTML and CSS,Rakshit Bansal,3 min read,https://medium.com/@rakshitbansal15/my-journey-into-web-development-mastering-html-and-css-2e6c833141c3
The ultimate beginner‚Äôs guide of how to learn web development (with course review),Small Town Little Anthony,17 min read,https://small-town-little-anthony.medium.com/the-ultimate-beginners-guide-of-how-to-learn-web-development-with-course-review-d83a514f5d98
A guide to modern Web Development with (Neo)vim,Caleb Taylor,7 min read,https://caleb89taylor.medium.com/a-guide-to-modern-web-development-with-neo-vim-333f7efbf8e2
Want to learn Web Development all on your own? You are at the right place.,Pratik Singh,3 min read,https://medium.com/@singhpratik17/want-to-learn-web-development-all-on-your-own-you-are-at-the-right-place-3cfc8be2a4a2
What to Kickstart Learning Web Development by Amazingandyyy,Amazingandyyy,4 min read,https://medium.com/@amazingandyyy/what-to-kickstart-learning-web-development-by-amazingandyyy-3d6f3236ac70
How to get that first web development job at a web/digital agency,Phil Thompson,6 min read,https://medium.com/@imgiseverything/how-to-get-that-first-web-development-job-at-a-web-digital-agency-289d075fac86
Helpful lectures and instructors in Udemy for me to learn web development from zero,Lada496,3 min read,https://medium.com/@lada496/helpful-lectures-and-instructors-in-udemy-for-me-to-learn-web-development-from-zero-df0eb806760d
Advanced Web Development and Deployment Workflow,Amir Off,4 min read,https://medium.com/codeburst/web-development-with-ide-version-control-and-deployment-1eaabb5a256
Roadmap for WordPress Developer,Bogdan Bendziukov,5 min read,https://medium.com/@bogdanfromkyiv/roadmap-for-wordpress-developer-564cce0d6f46
A Creative web-development Journey: Building an Interactive Web Canvas,SharviBelsare,4 min read,https://medium.com/@sharvibelsare/a-creative-web-development-journey-building-an-interactive-web-canvas-9b0d5a75b5c4
Hello Developers! Embracing the Journey in Web Development and Software Engineering,RedBeret (Steven),2 min read,https://medium.com/@RedBeret/unleashing-the-magic-of-web-development-a-beginners-journey-4a37065f6066
On becoming a professional web developer in one year,Francesco Agnoletto,4 min read,https://medium.com/@francesco.agnoletto/on-becoming-a-professional-web-developer-in-one-year-b602fcedeb7c
Rabbit Hole of Web Development,Roger Terrill,6 min read,https://medium.com/@liretdev/rabbit-hole-of-web-development-eec2092dafd2
Digital Ad Serving to Full Stack Web Development,Leslie G.,3 min read,https://medium.com/@gonzaleznyc/communications-to-full-stack-web-development-41c402b7a859
How I got started with Web Development,Ayush Mittal,4 min read,https://medium.com/@ayush9398/how-i-got-started-with-web-development-65652ad2cc98
The Web Development Solution Guide,Carlos Joel Tavares,6 min read,https://medium.com/@carlosjoel.tavares_25618/the-web-development-solution-guide-9c9fb68142d6
Is Web Development Dying?,wrannaman,4 min read,https://medium.com/@AndrewPierno/is-web-development-dying-278ea665d3e0
Beginning my Web Development Journey,Jay B,7 min read,https://medium.com/@jaybhoyar1997/beginning-my-web-development-journey-5c69e7c8ca53
Reflection: I‚Äôm Learning Bootstrap for Web Development,Drew Wolin,3 min read,https://medium.com/@dwolin/reflection-im-learning-bootstrap-for-web-development-9a03cdbe8aa5
Android Development VS Web Development | Reality,Omkar Somnath Ghotekar,5 min read,https://omkarghotekar.medium.com/android-development-vs-web-development-reality-or-fantasy-c76c85f930db
Modern web development: Should you still learn to code?,Peter Rolfsen,5 min read,https://medium.com/@peterrolfsen/modern-web-development-should-you-still-learn-to-code-58922472f9e0
Making a habit,Sebastien Chatelle Blanchard,5 min read,https://medium.com/the-odin-project/making-a-habit-d88752644448
Web development ‚Äî maybe it‚Äôs time to back to the roots?,Bart≈Çomiej Krztuk,4 min read,https://medium.com/@bartekkrztuk/web-development-maybe-its-time-to-back-to-the-roots-e24b9bf302a2
How I Taught an AI to Ask Web Development Questions ‚Äî Part 1,Gabriel Grinberg,10 min read,https://medium.com/@gabrielgrinberg/how-i-taught-an-ai-to-ask-web-development-questions-part-1-a614184a241
5 Reasons Why Web Development Services are necessary for Online Businesses!,Globaldev Group,2 min read,https://globaldevgroup.medium.com/5-reasons-why-web-development-services-are-necessary-for-online-businesses-2d83e42658de
Web Development‚Ä¶ How to get started in 2017?,Jibin Mathews,4 min read,https://jibinmathews7.medium.com/web-development-how-to-start-in-2017-b2357febe8ba
How To Improve Web Development Knowledge,Amish Shabani,2 min read,https://outofindex.medium.com/how-to-improve-web-development-knowledge-785c9cc6bfdf
My Journey into Web Development,Priyabrata Biswas,3 min read,https://fave77.medium.com/my-journey-into-web-development-72226b940062
My First Three Months Learning Front-end Web Development.,Kaneto Mbachu,6 min read,https://medium.com/sprinthub/my-first-three-months-learning-front-end-web-development-794e871db1f1
The Practical Guide to Becoming a Professional Web Developer,Bill Sourour,17 min read,https://medium.com/free-code-camp/the-practical-guide-to-becoming-a-professional-web-developer-2f255bc25c90
Web development tools for Windows,Jim,1 min read,https://medium.com/@jm_c/web-development-tools-for-windows-4bae439f9bc2
"I Taught Myself Web Development When I Was 11, Here‚Äôs What I Learned",Josh Ternyak,13 min read,https://medium.com/@joshternyak/i-taught-myself-web-development-when-i-was-11-heres-what-i-learned-18b81f4e807
How I learnt web development,David Gilbertson,21 min read,https://david-gilbertson.medium.com/how-i-learnt-web-development-c2d906c7f9f1
Teaching girls basics of web development,Marian Rusnak,4 min read,https://medium.com/girls-into-code/teaching-girls-basics-of-web-development-de45927606f2
"More Web Development Platforms, More Web Designers. Good? or Bad?",J√©sus Husbands,3 min read,https://iamjesushusbands.medium.com/more-web-development-platforms-more-web-designers-good-or-bad-1694d0ddc6
Web Development at Work,Jason Berberich,2 min read,https://medium.com/berbs-dot-us/web-development-at-work-e7549c62451a
How to Get Into the Web Development Field?,Vitali Zaidman,3 min read,https://medium.com/welldone-software/how-to-get-into-the-web-development-field-c21f270fa1c1
Web development tips (HTML),Barbara Mangiri,2 min read,https://medium.com/@barbiedisemyworld/web-development-tips-html-655398207f5e
A Journey Into Web Development,Eric Gonzalez,6 min read,https://medium.com/@ejoglez/a-journey-into-web-development-38331d5e3cf9
Learning web development? Feel like you are getting nowhere and that it may never pay off?,Rick West,3 min read,https://medium.com/career-change-coder/learning-web-development-feel-like-you-are-getting-nowhere-and-that-it-may-never-pay-off-1a267d7068ca
Is Web Development Dead?,Jose Moreno,2 min read,https://medium.com/@morenojr90/is-web-development-dead-b74ffed81e87
"Revolutionising Education ‚Äî Chapter 4: Web Development Competition, Teamwork & Prize Money!",Ragav Yarasi,7 min read,https://medium.com/shuddhividhya/revolutionising-education-chapter-4-web-development-competition-team-work-prize-money-728acdf3ead8
Web development bad decisions,Carles Capellas,7 min read,https://capelski.medium.com/web-development-bad-decisions-674d048eab15
My Journey into Web Development: From HTML to React,Devilqueenlove,2 min read,https://medium.com/@har.dev/my-journey-into-web-development-be003cf4da94
Why have I started looking into Cloud-based web development platforms (cloud-based what?!)?,Viktor ‚ÄúWhy?!‚Äù Jakobsen,3 min read,https://medium.com/websiteshate-me/why-have-i-started-looking-into-cloud-based-web-development-platforms-cloud-based-what-a97cd17b4bfe
Pragmatic Intro to Rust Web Development: Overview,Christopher Lindblom,4 min read,https://medium.com/@lindblomdev/learn-rust-by-building-a-web-application-an-introductory-series-620e1cb755f2
"I want to learn web development, how do I Start",GeoAfrikana,3 min read,https://geoafrikana.medium.com/i-want-to-learn-web-development-how-do-i-start-767457b01a72?source=user_profile---------4----------------------------
How Svelte Cybernetically Enhances Web Development,Maricris Bonzo,3 min read,https://medium.com/magiclabs/how-svelte-cybernetically-enhances-web-development-ae5eb45d464b
How I Made a Career Change into Web Development,Zubair Hassan,4 min read,https://medium.com/career-relaunch/how-i-made-a-career-change-into-web-development-179670516ae0
Using SVG Images in Web Development,Tyler Greason,6 min read,https://medium.com/@tyler.greason/using-svg-images-in-web-development-3da83165aa92
How To Self-Learn Web Development In 2024,Daniel J.,2 min read,https://medium.com/@kkmvv/how-to-self-learn-web-development-in-2024-59c0bcc28162
Getting Started With JavaScript for Web Development,Austin Tindle,3 min read,https://tndl.medium.com/getting-started-with-javascript-for-web-development-3f544353c67c?source=user_profile---------20----------------------------
Mobile web development ‚Äî Building great mobile web experiences,amit jain,3 min read,https://medium.com/with-onion-and-garlic/mobile-web-development-building-great-mobile-web-experiences-ffa7517242d3
BCIT New Media Design & Web Development ‚Äî My Experience,Leeor Burton,4 min read,https://medium.com/@burtonleeor/bcit-new-media-design-and-web-development-my-experience-aac5803eac3c
CEO‚Äôs Handbook for Outsourcing Web Development Projects Effectively,Mark R.,9 min read,https://technlogy-buzz.medium.com/ceos-handbook-for-outsourcing-web-development-projects-effectively-34df5fed646d
Web Development: Apache2 Servers,Abel Garrido,4 min read,https://medium.com/geekculture/web-development-apache2-servers-71f1e82d945d
Starting Out in Web Development,Oliver Kersey,4 min read,https://medium.com/@oliverjkersey/starting-out-in-web-development-9ef9f85c5cd
What are the latest trends in web development?,Sanman Mandlik,4 min read,https://sanmancreations.medium.com/what-are-the-latest-trends-in-web-development-d94d654766d7
Why Developer Need to Learn Marketing to Get Web Development Clients,Patrick Pierre,4 min read,https://patrick-pierre000.medium.com/why-developers-need-to-learn-marketing-to-get-web-development-clients-797d02d1b0e4
Why Startups & Small Businesses Love PHP for Web DevelopmentüöÄ,WebClues Infotech,8 min read,https://medium.com/stackademic/why-startups-small-businesses-love-php-for-web-development-215b0fa2b8ed
How I Made My First Dollar Writing About Web Development,Abhishek Tyagi,5 min read,https://medium.com/stackademic/i-earned-my-1st-dollar-writing-about-web-development-on-medium-d0821374664f
Apps and Tech I use for Front-End Web Development Setup,Dennis Cort√©s,4 min read,https://medium.com/cortes-studio/my-front-end-web-development-setup-and-approach-1ad711977124
Web Development Takes Time,Mohyaddin Alaoddin,4 min read,https://theultragrey.medium.com/web-development-takes-time-8f11345879da
Basic Web Development Setup,J Marie,5 min read,https://medium.com/jmspaceblog/basic-web-development-setup-532d9a951f1a
One Year Into My Web Development Startup ‚Äî Here‚Äôs What I‚Äôve Learned,Anthony Trombetta,7 min read,https://medium.com/@antmtrombetta/one-year-into-my-web-development-startup-heres-what-i-ve-learned-e5c3fad1cdd4
No Title,Victor Ogbonna,2 min read,https://medium.com/@victor.ogbonna/html-the-underrated-pillar-of-web-development-every-web-developer-will-vividly-recall-writing-f5843e560812
From JavaScript to Functional Web Development (part 1),Sandor Szaloki,3 min read,https://medium.com/@szaloki/from-javascript-to-functional-web-development-part-1-c17b5c5fe260
The Role of AI in Modern Web Development,Flames In Tech,3 min read,https://flamesintech.medium.com/the-role-of-ai-in-modern-web-development-0c298e0abcaf
Web Development : A new journey,Shaktigothra,3 min read,https://medium.com/@shaktigothra/web-development-a-new-journey-ce1a94c53564
Should I Learn Native App Development or Web Development?,Jay Wilson,3 min read,https://heyjaywilson.medium.com/which-to-learn-native-app-development-or-web-development-dde9d5b055c1
From zero to full-stack web development in 37 days,Simon Tang,25 min read,https://medium.com/towards-data-science/from-zero-to-full-stack-web-development-in-37-days-97b8c254a3d1
A Meandering Path to Web Development,Rachel Ralston,4 min read,https://medium.com/@rachelralston/a-meandering-path-to-web-development-e6fc3389fd6f
The 80/20 rule of web development,John Morris,3 min read,https://medium.com/@jpmorris/the-80-20-rule-of-web-development-c5dd920e27fb
Diary of a Naija girl learning Web Development,Anniekeys,2 min read,https://medium.com/@bella.ongutubor/diary-of-a-naija-girl-learning-web-development-8d19ab747b7f
Starting Web Development with Database Integration,Bhawna Paliwal,5 min read,https://medium.com/@bhawna7374/starting-web-development-with-database-integration-b285133396c6
All the web development you‚Äôve learned will be obsolete in a year,John Morris,3 min read,https://medium.com/@jpmorris/all-the-web-development-youve-learned-will-be-obsolete-in-a-year-53fe6470dbb5
‚ÄúFormal‚Äù web development ‚Äî Writing Code for more than computers,Malende Fahad,2 min read,https://medium.com/@malendefahad/diving-into-formal-web-development-has-been-a-roller-coaster-ride-over-the-past-few-weeks-11f0ceb1a2fa
Linked List used in Web Development,Marianna Campbell,5 min read,https://medium.com/@marianna.campbell/linked-list-used-in-web-development-73beaf534fae
"üíªMy Web Development VS Code Settings, theme, Extensions, tips and tricks",Michael Lazarski,6 min read,https://medium.com/@lampewebdevelopment/my-web-development-vs-code-settings-theme-extensions-tips-and-tricks-47c15fbb3aa0
How to Ease a Work with 10+ Free & Premium Web Development Resources,Lana Miro,7 min read,https://medium.com/javarevisited/how-to-ease-a-work-with-10-free-premium-web-development-resources-bfb20f202ade
Finding your place in the Web Development industry,Ashley Mosuro,6 min read,https://medium.com/@amosuro/finding-your-place-in-web-development-dd76407f26d6
Web Development Unlocked (Part 1) ‚Äî TailwindCSS,Corey Ginnivan,8 min read,https://medium.com/@coreyginnivan/web-development-unlocked-part-1-303196bd1a6e
5 Essential Tools for Efficient Web Development,Abhishek Singh,7 min read,https://abhishekthatguy.medium.com/5-essential-tools-for-efficient-web-development-fabf78ce023d
PHP: The Superhero Of Web Development? Here Are The Benefits That Make It An Attractive Choice!,Rehan Pinjari,6 min read,https://pinjarirehan.medium.com/php-the-superhero-of-web-development-here-are-the-benefits-that-make-it-an-attractive-choice-9f018f3923d2?source=rss-------1
Next.js: The Modern React Framework for Web Development,Pawan Kumar,3 min read,https://codewithpawan.medium.com/next-js-the-modern-react-framework-for-web-development-7c6c002dc5a0?source=rss-------1
3 Web Development Bad Ideas ‚Äî From my perspective ‚Äî I told you so‚Ä¶,Eduardo Ottaviani Arag√£o,6 min read,https://eduardo-ottaviani.medium.com/3-web-development-bad-ideas-from-my-perspective-i-told-you-so-a6ba99685d76
Beginner‚Äôs Web Development Guide Part 2: Backend,Pavel Yeliseev,9 min read,https://medium.com/devtrailsio/beginners-web-development-guide-part-2-backend-fd466212dbfc
Django 5.0: A Game-Changer for Modern Web Development,Aashish Kumar,4 min read,https://medium.com/@aashishkumar12376/django-5-0-a-game-changer-for-modern-web-development-73075bc774fd
Web Development With a Chromebook: Prologue,Jacob Oakley,2 min read,https://medium.com/@jacoboakley/web-development-with-a-chromebook-prologue-c36f97d922d5
Web Development ‚Äî Overwhelming the Newcomers,Lewis Menelaws,5 min read,https://medium.com/@LewisMenelaws/web-development-overwhelming-the-newcomers-dc12d00e0a0b
7 Reasons to Use AngularJS for Web Development,Tagline Infotech LLP,4 min read,https://taglineinfotechus.medium.com/7-reasons-to-use-angularjs-for-web-development-ae1d2dccdbaf
Web development for data scientists,Jeremie Harris,1 min read,https://medium.com/towards-data-science/web-development-for-data-scientists-42b0a34dbdec
Here Is The Reason: Why You Choose Drupal For Web Development,Mark Smith,4 min read,https://zrix.medium.com/here-is-the-reason-why-you-choose-drupal-for-web-development-87e23014de51?source=post_page-----f076baf5b143----0----------------------------
Get Started web development front-end,Wale Ayandiran (walecloud),4 min read,https://medium.com/justcodenow/get-started-web-development-front-end-e28b035415e0
Next Steps: A Personalized Guide to Learning Web Development,Bridge School,9 min read,https://medium.com/@itsbridgeschool/next-steps-a-personalized-guide-to-learning-web-development-2e2ca2fe594a
Web Development is a Balancing Act,Matt Gaunt,4 min read,https://medium.com/@gauntface/web-development-is-a-balancing-act-4e0346bd628f
How Much HTML and CSS Should You Know To Be A Complete Developer?,Ry Vee,6 min read,https://medium.com/hackernoon/how-much-html-and-css-should-you-know-to-develop-4456e2ca8595
Join Me on a Complete Learning Journey to Web Development ‚Äî The Ultimate Blueprint,Afiur Rahman Fahim,20 min read,https://medium.com/ux-art/learning-journey-to-web-development-6ebd8e56c4e6
Keeping Pace in Modern Web Development,Adrian Stanek,6 min read,https://adrianstanek.medium.com/keeping-pace-in-modern-web-development-69e4bd887787
Best Frontend Technologies for Web Development to Watch Out,A Smith,4 min read,https://web-and-mobile-development.medium.com/best-frontend-technologies-for-web-development-to-watch-out-c89715b0dbfb?source=post_internal_links---------6----------------------------
Will Unexpected AI Change The Growth Of Web Development?,Rehan Pinjari,7 min read,https://pinjarirehan.medium.com/will-unexpected-ai-change-the-growth-of-web-development-37ca602b3dc4?source=rss------web_development-5
Want to learn web development but don‚Äôt know where to start?,Rick West,6 min read,https://medium.com/free-code-camp/want-to-learn-web-development-but-dont-know-where-to-start-478ed62e0e55
My experiences as a first time Web developer,Suyog Patil,3 min read,https://medium.com/prod-io/what-i-learned-while-working-as-a-web-developer-the-first-time-1570162adc3a
A beginner‚Äôs perspective ‚Äî Learning web development,Nelson Tei,4 min read,https://medium.com/@yuanwei92/a-beginners-perspective-learning-web-development-a045e96f47c8
A Designers Guide to Web Development,Nolan Schneiderman,5 min read,https://medium.com/king-tide/a-designers-guide-to-web-development-ce88f7a91ff8
Part 4: The Ultimate Guide to Preparing For Web Development Boot Camp,Brooke Avery,4 min read,https://medium.com/@bravery/part-4-the-ultimate-guide-to-preparing-for-web-development-boot-camp-8f97a306890c
Every Web Development Project Timeline Ever,Whitney Meers,4 min read,https://medium.com/hackernoon/every-web-development-project-timeline-ever-18a1a624e3b0
Why Event-driven APIs are the Future of Web Development,mmussett,6 min read,https://mmussett.medium.com/why-event-driven-apis-are-the-future-of-web-development-21f8f338b467
Meet the Two Back-end Technologies of web development: PHP and Node.JS,Nelly Nelson,7 min read,https://nellyneelson.medium.com/meet-the-two-back-end-technologies-of-web-development-php-and-node-js-ec67aadd8af3
Setting up a MAC for web development,Bruce Lim,4 min read,https://medium.com/@brucelim/setting-up-a-mac-for-development-300d96d67cd8
Mobile web development ‚Äî Building great mobile web experiences,Amit Jain,3 min read,https://amitjnotes.medium.com/mobile-web-development-building-great-mobile-web-experiences-9ef6efda7f41
Modern Web Development & Practices,Param Singh,16 min read,https://medium.com/paramsingh-66174/modern-web-development-practices-64194d9a48
Developing A Web-Development Curriculum for Self-Study,Matt Layton,6 min read,https://medium.com/@mattlayton1986/developing-a-web-development-curriculum-for-self-study-f79e8275f793
I Tried to Become a Web Developer in a Week,Josef Cruz,5 min read,https://medium.com/stackademic/i-tried-to-become-a-web-developer-in-a-week-d203e9acbf59
100 Essential Python Libraries to Supercharge Your Projects üöÄ ‚Äî From AI to Web Development!,Aashish Kumar,5 min read,https://medium.com/@aashishkumar12376/100-essential-python-libraries-to-supercharge-your-projects-from-ai-to-web-development-49e45a0435a0
Building a Web App with Go and HTMX: My Experience,Mufraggi Hugo,3 min read,https://medium.com/@hmufraggi/building-a-web-app-with-go-and-htmx-my-experience-451f14de55a3
Intro to Web Development,Jeff Escalante,7 min read,https://medium.com/pragmatic-life/intro-to-web-development-65fa99b64bf7
Why React Native is Thriving: My Journey & It‚Äôs Future in App Development,Ayush Borage,5 min read,https://medium.com/@ayushborage28/why-react-native-is-thriving-my-journey-its-future-in-app-development-d531bc4cc280
Creating a Streamlit Web App with Media and Interactive Widgets,AccentFuture,6 min read,https://medium.com/@accentfuture/creating-a-streamlit-web-app-with-media-and-interactive-widgets-7cb8e2ecbf3c
50+ websites with a 6000rs phone,Vivek Lohar,2 min read,https://medium.com/@viveklohar/50-websites-with-a-6000rs-phone-567508854ff6
"JavaScript News, Updates, and Tutorials: February 2025 Edition",JavaScript UI Libraries ‚Äî DHTMLX,6 min read,https://medium.com/itnext/javascript-news-updates-and-tutorials-february-2025-edition-5e9b005d2adc
Exploring React Native App Development in India,Quickway Infosystems,3 min read,https://medium.com/@Quickway_Infosystems/exploring-react-native-app-development-in-india-30686d85e778
How to Prevent the Pressing of the Space Bar from Scrolling the Page with JavaScript?,John Au-Yeung,2 min read,https://medium.com/@hohanga/how-to-prevent-the-pressing-of-the-space-bar-from-scrolling-the-page-with-javascript-3b370f415ed9
Is Django Dying? A Reality Check for Web Developers üöÄ,Sanjay Prajapati,4 min read,https://medium.com/django-unleashed/is-django-dying-a-reality-check-for-web-developers-3441a6668c99
React 19 Server Components: The Future of Fast and Dynamic Web Apps,asierr.dev,3 min read,https://medium.com/@asierr/react-19-server-components-the-future-of-fast-and-dynamic-web-apps-6bdf72d726e0
How I Reduced Page Load Time by 50%: Web Performance Optimization Tips,Coders Stop,3 min read,https://medium.com/@coders.stop/how-i-reduced-page-load-time-by-50-web-performance-optimization-tips-3623f03d8993
4 Reasons Why You‚Äôre Failing in Coding: What I Learned After 4 Years of Experience,Hamna Nadeem,2 min read,https://medium.com/illumination/4-reasons-why-youre-failing-in-coding-what-i-learned-after-4-years-of-experience-278fce3089b2
Model Context Protocol(MCP) ‚Äî Anthropic‚Äôs Standardization to LLM workflows,Sulbha Jain,5 min read,https://medium.com/@sulbha.jindal/model-control-protocol-mcp-anthropics-standardization-to-llm-workflows-5bfda624838d
The Shocking Truth: Why Senior Developers Struggle in Coding Interviews,Seliesh Jacob,3 min read,https://medium.com/@selieshjksofficial/the-shocking-truth-why-senior-developers-struggle-in-coding-interviews-26353633b988
Why Angular Still Matters: A Developer‚Äôs Journey Through Its Evolution,Issam ESSARGHINI,5 min read,https://medium.com/@essarghini.issam/why-angular-still-matters-a-developers-journey-through-its-evolution-8cbc6e257764
How to migrate CRA React Application to Vite,Sanchit,4 min read,https://medium.com/@sanchit0496/how-to-migrate-cra-react-application-to-vite-ea517ebc1ef7
Day 31: 1 March 2025 ‚Äî Elevating Skills & Pushing Limits,Shivanshu Chauhan,2 min read,https://medium.com/@razputshivanshu/day-31-1-march-2025-elevating-skills-pushing-limits-b855e8786038
What‚Äôs new in Next.js 15.2,Onix React,3 min read,https://medium.com/@onix_react/key-updates-in-next-js-15-2-4caf27b279a8
7 Powerful Developer Tools That Will Surprise You,Mohit Vaswani,4 min read,https://medium.com/javascript-in-plain-english/7-powerful-developer-tools-that-will-surprise-you-8b6a72d7997c
Sqlite HTTP API: Zig vs Golang,Graham Jenson,4 min read,https://medium.com/maori-geek/sqlite-http-api-zig-vs-golang-3fc2f89bdc79
Boost Your JavaScript Performance with Webpack Step-by-Step Guide,Rahul Kaklotar,2 min read,https://medium.com/@kaklotarrahul79/boost-your-javascript-performance-with-webpack-step-by-step-guide-6f89a596d273
Bit-Sized Lesson: Build a Task Manager API with FastAPI in 10 Minutes,Tushar Verma,4 min read,https://medium.com/@tusharverma692/bit-sized-lesson-build-a-task-manager-api-with-fastapi-in-10-minutes-d4b72b33f123
Optimizing Web Application Performance: Caching Strategies and Code-Level Optimizations,Fabrice Tamgue,5 min read,https://medium.com/@tamguefabrice2/optimizing-web-application-performance-caching-strategies-and-code-level-optimizations-7612e1ad547c
R in the Browser: Announcing Our WebAssembly Distribution,Isabel Paredes,14 min read,https://medium.com/jupyter-blog/r-in-the-browser-announcing-our-webassembly-distribution-9450e9539ed5
"Programming Languages of 2025: Which Ones Will Dominate and Why?The future of coding is here, and it‚Äôs more exciting than ever.",Codew,4 min read,https://medium.com/@annasaaddev/programming-languages-of-2025-which-ones-will-dominate-and-why-f93054e0f56f
Flutter vs. React Native: Ultimate Mobile Development Guide for 2025,Gopick,5 min read,https://medium.com/javarevisited/flutter-vs-react-native-ultimate-mobile-development-guide-for-2025-5c18e919d8a8
üë®‚ÄçüíªAvoiding Common Git Mistakes,Pratik Tamhane,3 min read,https://medium.com/gitconnected/avoiding-common-git-mistakes-17fe6c22707f
How to create a chat application using Socket.io with React and Node JS,Sanchit,4 min read,https://medium.com/@sanchit0496/how-to-create-a-chat-application-using-socket-io-with-react-and-node-js-c28cebb799ff
How to Upgrade Libraries Without Breaking Your Codebase: The Module Aliasing Technique,Rahul Dinkar,5 min read,https://medium.com/@rahul.dinkar/how-to-upgrade-libraries-without-breaking-your-codebase-the-module-aliasing-technique-d7a420a4ebeb
Why SecurityNet.ai is the Ultimate AI-Powered Cybersecurity Solution,ifaizanrathore,2 min read,https://medium.com/@askfaizanrathore/why-securitynet-ai-is-the-ultimate-ai-powered-cybersecurity-solution-bf56eaced4e7
Spring Boot Starter for Beginners: Build Your First API,Ankit Kumar,3 min read,https://medium.com/@ankit.kumar.info22/spring-boot-starter-for-beginners-build-your-first-api-47418fe80d61
Is Python Dead in 2025? High Demand or Time to¬†Move On?,Vivek Garg,3 min read,https://medium.com/pythoneers/is-python-dead-in-2025-high-demand-or-time-to-upskill-b2bf1ee5c08c
"Why Data Fetching, Layout, and Tests Are the 3 Essential Frontend Skills",Dr. Derek Austin ü•≥,9 min read,https://medium.com/career-programming/why-data-fetching-layout-and-tests-are-the-3-essential-frontend-skills-f769fa45fc4d
Things Only Senior JavaScript Engineers Know About Jest and Mocha,Rahul Kaklotar,2 min read,https://medium.com/@kaklotarrahul79/things-only-senior-javascript-engineers-know-about-testing-with-jest-and-mocha-a22fd5df5231
Claude 3.7 VS Grok 3 VS ChatGPT vs DeepSeek: Who Wins?,Julian Goldie,9 min read,https://medium.com/@julian.goldie/claude-3-7-vs-grok-3-vs-chatgpt-vs-deepseek-who-wins-37f78f6111b9
*The Future of Technology: Trends and Innovations to Watch*,Sibgha Naveed,4 min read,https://medium.com/@sibghanaveed374/the-future-of-technology-trends-and-innovations-to-watch-9dbbf32241d9
"Building a Full-Stack Machine Learning Web Application with React, Node.js, and Flask",@1Saptarshi_,4 min read,https://medium.com/@1saptarshichowdhury/building-a-full-stack-machine-learning-web-application-with-react-node-js-and-flask-312005f21347
A Deep Dive into the OWASP Top 10: Why Web Application Security Should Matter to You,Zehzah Mohamed Amine,5 min read,https://medium.com/@err0rsecur1ty/a-deep-dive-into-the-owasp-top-10-why-web-application-security-should-matter-to-you-e82b77f25595
Creating Real-Time Applications with WebSockets,Madhu deepak,3 min read,https://medium.com/@madhudeepak/creating-real-time-applications-with-websockets-2614133983db
Python Programming Course in Delhi NCR,Cyberyaan Training & Consultancy,4 min read,https://medium.com/@cyberyaan/python-programming-course-in-delhi-ncr-33af4a723105
Laravel Form Request Validation: A Complete Guide on Data handling,Chimeremze Prevail Ejimadu,5 min read,https://medium.com/@prevailexcellent/laravel-form-request-validation-a-complete-guide-on-data-handling-1f181a74123f
How I Use Python‚Äôs Metaclasses to Modify My Code Before It Runs,Kiran Maan,3 min read,https://medium.com/@kirantechblog/how-i-use-pythons-metaclasses-to-modify-my-code-before-it-runs-cbe723a9bdea
Building SaSS in 2025,Opeyemi Olorunleke,9 min read,https://medium.com/@opeyemiolorunleke/building-sass-in-2025-d918accc971a
VSCode-Python: The All-in-One Efficient Development Tool for Python Developers,Meng Li,4 min read,https://medium.com/top-python-libraries/vscode-python-the-all-in-one-efficient-development-tool-for-python-developers-aa619d37dc90
How Python Job Support Can Help You Meet Deadlines and Succeed at Work,TECH_INFO,4 min read,https://medium.com/@rojamaniintellimindz/how-python-job-support-can-help-you-meet-deadlines-and-succeed-at-work-4d8c8352a198
Claude Code: The beginning of the End for Developers?,Champ18ion,3 min read,https://medium.com/@champ18ion.personal/claude-code-the-beginning-of-the-end-for-developers-6a867b967a8d
An Introduction to SQL: The Language of Databases (Part-1),Subrat,2 min read,https://medium.com/@dashyy/an-introduction-to-sql-the-language-of-databases-907fac88089b
9 Modern Python Libraries You Must Know in 2025! üöÄ,Aashish Kumar,7 min read,https://medium.com/@aashishkumar12376/9-modern-python-libraries-you-must-know-in-2025-622a36c9f30c
Don‚Äôt Underestimate Django Middleware: Simple Features with Big Impact,Alfin Fanther,5 min read,https://medium.com/@alfininfo/dont-underestimate-django-middleware-simple-features-with-big-impact-1c39b4f2cca0
"Hello, World! in 50 Programming Languages ‚Äî How Many Can You Recognize?",Dhanush N,7 min read,https://medium.com/gitconnected/hello-world-in-50-programming-languages-how-many-can-you-recognize-c006ee607e50
Step into March as a Software Developer,Olusegun Awolola,2 min read,https://medium.com/@premiummediang/step-into-march-as-a-software-developer-bec6b710b96e
Adding Telegram Bot Notifications for Task Deadlines ü§ñüì¢,Ewho Ruth,3 min read,https://medium.com/@ewho.ruth2014/adding-telegram-bot-notifications-for-task-deadlines-41981bb0957c
The OWASP Web Security Testing Guide: A Comprehensive Resource for Securing Web Applications,Zehzah Mohamed Amine,5 min read,https://medium.com/@err0rsecur1ty/the-owasp-web-security-testing-guide-a-comprehensive-resource-for-securing-web-applications-8ee2f306fc1c
What‚Äôs New with Claude 3.7 Sonnet & Claude Code?,Woyera,3 min read,https://medium.com/@woyera/whats-new-with-claude-3-7-sonnet-claude-code-273e5e290921
Create a CTF machine with ubuntu server,Zamh Putra,3 min read,https://medium.com/@sirsebasers/create-a-ctf-machine-with-ubuntu-server-716c33357d35
High-Demand Skills for 2025 and high job Package,Adarsh Yaduvanshi,3 min read,https://medium.com/@officialyadav030/high-demand-skills-for-2025-and-high-job-package-8db32a8a25c7
Java UnaryOperator Functional Interface with Real-World Examples,Ramesh Fadatare,4 min read,https://medium.com/javaguides/java-unaryoperator-functional-interface-with-real-world-examples-af2321165d6f
I Used to Love Coding. Now It Feels Like Paperwork.,Maxime,3 min read,https://medium.com/@all.technology.stories/i-used-to-love-coding-now-it-feels-like-paperwork-2e8c22d8db98
Will AI Replace Software Developers?,Tanvir Ahamed,2 min read,https://medium.com/@tanvir-ahamed/will-ai-replace-software-developers-5d9bbfde2d29
Stakeholder Management: The Most Underrated Hard Skill in Product Management,Aasmi Gill,4 min read,https://medium.com/@aasmi.g10/stakeholder-management-the-most-underrated-hard-skill-in-product-management-71413cc197ef
No Title,Abel Emmanuel,2 min read,https://medium.com/@mannydev02/4-win-of-the-week-4eaca18df83f
Anatomy of HTTP Requests,Beyza Nur Yƒ±ldƒ±rƒ±m,2 min read,https://medium.com/@nury57909/anatomy-of-http-requests-448dce729257
Java BiConsumer Functional Interface with Real-World Examples,Ramesh Fadatare,4 min read,https://medium.com/javaguides/java-biconsumer-functional-interface-with-real-world-examples-eb04d5e20553
Symfony Mailer is Your Best Friend to send Emails From Your Web App,laurentmn,4 min read,https://medium.com/@laurentmn/symfony-mailer-is-your-best-friend-to-send-emails-from-your-web-app-fafaffb6c6c1
Mastering JavaScript: Tips and Tricks for Developers,Mohan,5 min read,https://medium.com/@mohanwebsite16/mastering-javascript-tips-and-tricks-for-developers-2623c00590e0
"Redux: What, Why, How, When, and Where to Use It",Avianshkarnwal,3 min read,https://medium.com/@avianshkarnwal/redux-what-why-how-when-and-where-to-use-it-b5d3b3e15151
CSRF in 2025: ‚ÄúSolved‚Äù But Still Bypassable,Vivek PS,4 min read,https://medium.com/bugbountywriteup/csrf-in-2025-solved-but-still-bypassable-942ca382ab77
Array Sorting in JavaScript ‚Äî How to Create & Fill Arrays Efficiently,Rabail Zaheer,12 min read,https://medium.com/@rabailzaheer/array-sorting-in-javascript-how-to-create-fill-arrays-efficiently-0a80a1a08abc
Putting The Finishing Touches On Olive Beta,Emma Boudreau,10 min read,https://medium.com/chifi-media/putting-the-finishing-touches-on-olive-beta-83ce6be80789
No Title,Abel,4 min read,https://medium.com/@dathaze20/my-portfolio-journey-from-vs-code-to-mobile-constraints-and-the-next-step-with-react-9fac17e4d67a
Best Online Business Ideas to Start in 2025,Amna Habib,2 min read,https://medium.com/@amnahabibqazi46/best-online-business-ideas-to-start-in-2025-03225a2bd89b
Tailwind CSS 4.0 Dark Mode: A Comprehensive Guide,Brad Dirheimer,4 min read,https://medium.com/@asyncme/tailwind-css-4-0-dark-mode-a-comprehensive-guide-2499a43d867b
No Title,Poova,3 min read,https://medium.com/@hybridworld264/here-are-some-of-the-best-css-cheat-sheets-that-will-save-you-time-and-improve-your-efficiency-in-e62eedb92c4f
Top 5 AI Strategies to Skyrocket Your Business Growth in 2025üöÄ,Md Khairul Islam,2 min read,https://medium.com/@khairuldeveloper/top-5-ai-strategies-to-skyrocket-your-business-growth-in-2025-f547d89cebb3
The Future of Landing Pages: How AI is Revolutionizing User Engagement,Kiranss Vision,3 min read,https://medium.com/@kiranss.vision/the-future-of-landing-pages-how-ai-is-revolutionizing-user-engagement-9bb0be962198
How to Design a Chat Application like WhatsApp:,Developersanchit,2 min read,https://medium.com/@developersanchit1/how-to-design-a-chat-application-like-whatsapp-9f4ef53f0a95
I Lied To Get My Start In the Tech Industry,Scott Batson,8 min read,https://medium.com/@scott.batson_76410/i-lied-to-get-my-start-in-the-tech-industry-419ba0fe5d75
Objects and Key-Value Pairs in JavaScript,Dev Frank,8 min read,https://medium.com/gitconnected/objects-and-key-value-pairs-in-javascript-cc3871bef745
"Understanding AI Models: ChatGPT, DeepSeek, Gemini, and More",Q Tech Solutions,3 min read,https://medium.com/@qtechnologysolutions007/understanding-ai-models-chatgpt-deepseek-gemini-and-more-8fff332cc6e8
Meet Angular v19,Minko Gechev,18 min read,https://medium.com/angular-blog/meet-angular-v19-7b29dfd05b84
UI & UX micro-tips: 8-bit anniversary edition,Marc Andrew,9 min read,https://marcandrew.medium.com/ui-ux-micro-tips-8-bit-anniversary-edition-250a04f338e3?source=rss------startup-5
Flask Apps from the Future: Unleash Semantic Search and RAG in 10 Minutes or Less,Level09,4 min read,https://medium.com/@level09/flask-apps-from-the-future-unleash-semantic-search-and-rag-in-10-minutes-or-less-245e1da198af
GitLab CI/CD Fundamentals: A Beginner‚Äôs Guide,Suman Timsina,8 min read,https://medium.com/@sumontimsina/gitlab-ci-cd-fundamentals-a-beginners-guide-cddf51555d07
Grok 3 versus Perplexity Deep Research: Who is Satoshi Nakamoto?,Social Scholarly,28 min read,https://medium.com/@socialscholarly/grok-3-versus-perplexity-deep-research-who-is-satoshi-nakamoto-19efc0148089
JavaScript & TypeScript Patterns Every Developer Should Know üöÄ,Xiuer Old,4 min read,https://medium.com/@xiuerold/javascript-typescript-patterns-every-developer-should-know-977ce28659f9
Optimizing Large-Scale JavaScript Data Processing Without Memory Bottlenecks,Asian Digital Hub,4 min read,https://medium.com/tech-vibes/optimizing-large-scale-javascript-data-processing-without-memory-bottlenecks-34ecdb4b70ac
üéì My Graduation Ceremony: A Journey to Remember,Vishal maurya,4 min read,https://medium.com/@vishalmaurya850/my-graduation-ceremony-a-journey-to-remember-84d014c0e45c
The Future of Debugging: How AI-Powered Tools Are Revolutionizing the Developer Community,Sadique Ali,3 min read,https://medium.com/@sadiqueali/the-future-of-debugging-how-ai-powered-tools-are-revolutionizing-the-developer-community-e8e00b30a212
API Design 101: From Basics to Best Practices,Hayk Simonyan,5 min read,https://hayk-simonyan.medium.com/api-design-101-from-basics-to-best-practices-a0261cdf8886
Just Stop Writing Python Functions Like This!!!,Kiran Maan,4 min read,https://medium.com/python-in-plain-english/just-stop-writing-python-functions-like-this-df4a69b56634
Coder Reality: When AI Starts Replacing Programmers,Alfin Fanther,4 min read,https://medium.com/@alfininfo/coder-reality-when-ai-starts-replacing-programmers-60c4bf83b0ee
I Faked Competence for Years. Here‚Äôs What It Cost Me.,Basel Issmail,4 min read,https://medium.com/@basel.issmail/i-faked-competence-for-years-heres-what-it-cost-me-d3d9a11b855f
Best Python Institute in Delhi in 2025,cyber security Updates,4 min read,https://medium.com/@cyber-security-courses/best-python-institute-in-delhi-in-2025-4b02ae775bd5
Mobile App Development ‚Äî A Complete Guide,Oak Street Technologies,9 min read,https://medium.com/@oakstreetechnologies/mobile-app-development-a-complete-guide-3aa814689f44
"Your mobile app: from idea to design, promotion and development",Vyacheslav Ansimov,22 min read,https://medium.com/@vyacheslavansimov/your-mobile-app-from-idea-to-design-promotion-and-development-b7ecfaea7593
The Complete App Development Roadmap [2024],Blend Visions,3 min read,https://medium.com/@blendvisions/the-complete-app-development-roadmap-2024-8bdbc03d6a64
Top Tools and Frameworks for Mobile App Development,Addevice,4 min read,https://addevice.medium.com/top-tools-and-frameworks-for-mobile-app-development-5c49c263c9e7
6 Best Platforms for Developing Top-Notch Mobile Apps in 2025,Sarrah Pitaliya,3 min read,https://medium.com/@sarrahpitaliya/6-best-platforms-for-developing-top-notch-mobile-apps-in-2025-913f146778e1
iOS App Development for Beginners: A Step-by-Step Guide to Developing Your First iOS App,Shailendra singh,4 min read,https://medium.com/@shailendrasingh.qwi/ios-app-development-for-beginners-a-step-by-step-guide-to-developing-your-first-ios-app-baf3e37aae7c
Mobile App Development Roadmap,TechnicalRoy,6 min read,https://medium.com/@roysalins94/mobile-app-development-learning-roadmap-bad68468b500
Choosing the Best Mobile App Development Platforms in 2025,Hardik Thakker,4 min read,https://medium.com/@hardikthakker/best-mobile-app-development-platforms-in-2025-ae2127ef180a
Roadmap to Android App Development in 2025,Sumeet Panchal,3 min read,https://sumeetpanchal-21.medium.com/roadmap-to-android-app-development-in-2025-bf32a32980bd
Plan for Mobile App Development: A Comprehensive Guide,Duggu,4 min read,https://medium.com/@dugguRK/plan-for-mobile-app-development-a-comprehensive-guide-b9e4bffab1de
Top 10 Apps for Learning Android App Development,Melissa Crooks,5 min read,https://medium.com/@melissacrooks/top-10-apps-for-learning-android-app-development-0a3179b9d67d
How to Be a Mobile App Developer,Mahmud Ahsan,6 min read,https://mahmudahsan.medium.com/10-steps-you-should-follow-to-start-your-career-as-a-mobile-apps-developer-6c36ea47fd52
10 Key Elements of Mobile App Development,Balbir,11 min read,https://medium.com/infiniticube/10-key-elements-of-mobile-app-development-97a3b31ea003
[Infographic] A Guide to Mobile App Development: Web vs. Native vs. Hybrid,ClrMobile,8 min read,https://medium.com/@ClrMobile/infographic-a-guide-to-mobile-app-development-web-vs-native-vs-hybrid-2c6eee3b1601?responsesOpen=true&sortBy=REVERSE_CHRON
The Evolution of Mobile App Development: Trends and Innovations,eInfochips ( An Arrow Company),3 min read,https://medium.com/@einfochips/the-evolution-of-mobile-app-development-trends-and-innovations-851eee320a30
Introduction to Mobile App Development,Turing,5 min read,https://medium.com/@a.turing/introduction-to-mobile-app-development-a0eb304b55ec
Demystifying State Management in Mobile App Development,Mobterest Studio,3 min read,https://mobterest.medium.com/demystifying-state-management-in-mobile-app-development-881d5a4ff212
Getting Started with Android App Development: A Step-by-Step Guide,taglinej,3 min read,https://medium.com/@jinalg.tagline/getting-started-with-android-app-development-a-step-by-step-guide-f3406de2fc01
Mobile App Development in Small to Mid-Sized Businesses,Max Kalik,11 min read,https://medium.com/@maxkalik/mobile-app-development-in-small-to-mid-sized-businesses-d237c60bb42
Best Programming Languages for Mobile App Development in 2024.,Lena Charles,12 min read,https://medium.com/nerd-for-tech/best-programming-languages-for-mobile-app-development-in-2024-150feb6348f0
App Development with Multi-platforms in 2023: A Beginner‚Äôs Guide,Keval Makadiya,4 min read,https://medium.com/@kevalmakadiya/app-development-multi-platforms-2023-7f36d4885e04
Before You Jump In Mobile App Development,Jai-Techie,9 min read,https://medium.com/@jaitechie05/before-you-jump-in-mobile-app-development-817f45645742
Is Python Right for Mobile App Development?,AppVin Technologies,7 min read,https://medium.com/@appvintechnologies/is-python-right-for-mobile-app-development-0ef44c5399be
2024: The Next Wave in Mobile App Development Trends,Slava Vaniukov,13 min read,https://medium.com/@vaniukov.s/2024-the-next-wave-in-mobile-app-development-trends-b143634f1564
An Ultimate Guide for Mobile App Development,Vatsal Patel,9 min read,https://medium.com/nerd-for-tech/an-ultimate-guide-for-mobile-app-development-ff3c17ece87a
Top Programming Languages for Android App Development in 2023,chris evans,4 min read,https://medium.com/agileinsider/top-programming-languages-for-android-app-development-in-2023-3eb5d3e0e2f1
Hybrid App Development: A Beginner‚Äôs Guide,Vineet Singh,10 min read,https://medium.com/@singhvineet/hybrid-app-development-a-beginners-guide-7904f419ceda
App Development: How To Develop A Perfect Mobile App & Make Money From A Free App,Kristi Ray,11 min read,https://medium.com/predict/app-development-how-to-develop-a-perfect-mobile-app-make-money-from-a-free-app-2d6ca8c25f4d
Let‚Äôs Talk Strategy: Hybrid vs. Traditional Mobile App Development,Logan Brade,11 min read,https://medium.com/@loganbrade/lets-talk-strategy-hybrid-vs-traditional-mobile-app-development-51f5a2a0b7ed
My journey from zero to app development hero,Richard Osborne,9 min read,https://medium.com/@richard_22643/my-journey-from-zero-to-app-development-hero-202c0352bd74
Untapped Goldmines: Discovering Lucrative Niches for Android and iOS App Development,Jan Kammerath,11 min read,https://medium.com/@jankammerath/untapped-goldmines-discovering-lucrative-niches-for-android-and-ios-app-development-ac7b073abcfd
Advanced Android App Development: Going Beyond the Basics,Inmortaltechnologies,3 min read,https://medium.com/@inmortaltechnologies1/advanced-android-app-development-going-beyond-the-basics-802c41e5dea4
App Development for Dummies,Goji Labs,5 min read,https://medium.com/@gojilabs/app-development-for-dummies-b173aa4f0a54
Top 10 Industries: Unleashing App Development for Business Innovation.,Blup,17 min read,https://medium.com/@blup-tool/top-10-industries-unleashing-app-development-for-business-innovation-992f632e4778
Common Challenges in Mobile App Development and How to Overcome Them,Emperor Brains,4 min read,https://medium.com/@emperorbrains/common-challenges-in-mobile-app-development-and-how-to-overcome-them-0bfba9acdfb2
Why Choose React Native for Mobile App Development,Happy Patel,6 min read,https://medium.com/@innvonixtechsolutions/why-choose-react-native-for-mobile-app-development-31e8ba23af5e
"Mobile App Development Process: Ideas, Implementation to App",Paresh Sagar,5 min read,https://medium.com/excellentweb/mobile-app-development-process-ideas-implementation-to-app-60e6adc2cc81
Explaining the Entire Android Mobile App Development Lifecycle,Paresh Sagar,4 min read,https://medium.com/excellentweb/explaining-the-entire-android-mobile-app-development-lifecycle-e9d036711b94
Key Factors That Affect Mobile App Development Cost,Trienpont International,3 min read,https://medium.com/@trienpont/key-factors-that-affect-mobile-app-development-cost-aadf6c355256
Revolutionizing the App World: The Power of Rapid Mobile App Development (RMAD),Olivia Cuthbert,3 min read,https://oliviaofficial248.medium.com/revolutionizing-the-app-world-the-power-of-rapid-mobile-app-development-rmad-e69422b1d59a
Mobile App Development with Kotlin: Create Powerful Android Apps,Ahsan Ahmed,3 min read,https://medium.com/@aahsanaahmed26/mastering-mobile-app-development-with-kotlin-your-path-to-android-excellence-435e3e809188
What Are The Various Phases Of Mobile App Development?,Amit Ashwini,7 min read,https://medium.com/swlh/what-are-the-various-phases-of-mobile-app-development-4f0a1748e619
5 Step Mobile App Development Lifecycle,Josiah Humphrey,10 min read,https://medium.com/swlh/a-guide-to-the-5-step-mobile-app-development-lifecycle-dad5122f882
Can Reactjs Be Used for Mobile Apps? A Detailed Guide,Partha Roy,7 min read,https://medium.com/@partharoylive/building-mobile-apps-using-reactjs-400155b40f3f
How to Learn Android App Development in 1 Month,Pranam Sharma,3 min read,https://medium.com/@pranamsharma.1997/how-to-learn-android-app-development-in-1-month-6e10927d64b0
Which platform is the best for Web app and Mobile app Development?,Devstree IT Solutions UK,4 min read,https://medium.com/@devstree.uk/which-platform-is-the-best-for-web-app-and-mobile-app-development-f6313bad1136
The App Development Timeline: How Long Does It Really Take?,Gabriella at Paragon,3 min read,https://medium.com/paragoncloudconsulting/the-app-development-timeline-how-long-does-it-really-take-1cb20e572b6d
Mobile App Development,Unknown,Unknown,https://medium.com/mobile-app-development-publication
Can I build an Android app with PHP?,Baniwal Infotech,4 min read,https://medium.com/@baniwalinfotechcompany/can-i-build-an-android-app-with-php-6f63e3680554
Introduction to Mobile App Development,Juhani Lehtim√§ki,1 min read,https://medium.com/snapp-mobile/introduction-to-mobile-app-development-80f971145ecd
5 Tools To Speed Up Your App Development,Appsee,9 min read,https://medium.com/swlh/5-tools-to-speed-up-your-app-development-6979d0e49e34
Top 10 New Features to consider in iOS App Development,Kirtan Thaker,6 min read,https://medium.com/@whitelotuscorporation/top-10-new-features-to-consider-in-ios-app-development-ec8bea0f934
Differences between Android TV and Mobile App Development,Kinjal Dhamat,4 min read,https://medium.com/@kinjal.dhamat.sa/differences-between-android-tv-and-mobile-app-development-52a7170262d9
The Math Required for Android Development,Nishant Aanjaney Jalan,4 min read,https://medium.com/codex/the-math-required-for-android-development-558c706aa97
Flutter App Development: The Ultimate Guide to Flutter Mobile App Development,Ankita Kapoor,10 min read,https://ankitakapoor23.medium.com/flutter-app-development-the-ultimate-guide-to-flutter-mobile-app-development-51e7ad029804
Why I switched to Mobile App Development,Yohannes Haile,3 min read,https://medium.com/nerd-for-tech/why-i-switched-to-mobile-app-development-probably-the-first-article-i-published-in-2021-7d9a2e6d1788
Step-By-Step Android App Development Tutorial,Melissa Crooks,6 min read,https://medium.com/@melissacrooks/step-by-step-android-app-development-tutorial-d340ddaf89fa
Mobile App Development: A detailed guide on getting started,Tamilika Mdongo,5 min read,https://medium.com/@tamilikamdongo45/mobile-app-development-a-detailed-guide-on-getting-started-623d72d89019
Introducing Mobile App Development Publication,Elye - A One Eye Dev By His Grace,2 min read,https://medium.com/mobile-app-development-publication/introducing-mobile-app-development-publication-6ca8c726ad4d
How to develop an app in 10 easy steps,Sparkleo,8 min read,https://medium.com/@sparkleo/how-to-develop-an-app-in-10-easy-steps-16b044fc67c6
Mobile App Development Process: Your Ultimate Guide,Devstree IT Services Pvt. Ltd.,3 min read,https://devstree-info.medium.com/mobile-app-development-process-your-ultimate-guide-e0d723042792
The 25 Newsletters That Every App and Mobile Developer Should Subscribe To,James Ewen,3 min read,https://medium.com/android-news/the-25-newsletters-that-every-app-and-mobile-developer-should-subscribe-to-3b0a61b1bd5b
What is The Future of Mobile App Development in 2024,Developer Experience Hub,6 min read,https://devxhub.medium.com/what-is-the-future-of-mobile-app-development-in-2024-41859daa48e8
Understanding Mobile App Development,Chibuezeadeyemi,3 min read,https://medium.com/@chibuezeadeyemi/understanding-mobile-app-development-802ae21d1cb7
How to Code an App: A Guide to Mobile App Development for Beginners,Siya Mchunu,6 min read,https://medium.com/@heelextension/how-to-code-an-app-a-guide-to-mobile-app-development-for-beginners-e08a104bb3a0
The Fundamentals of Mobile App Development: Navigating the Digital Frontier,Unlimited Exposure Online,6 min read,https://medium.com/@shareknowledge_41127/the-fundamentals-of-mobile-app-development-navigating-the-digital-frontier-2515ab0e1881
The Ultimate Beginner‚Äôs Guide to Android App Development,Adarsh Choudhary,14 min read,https://medium.com/@choudharyadarsh1811/the-ultimate-beginners-guide-to-android-app-development-d51050ccdc50
App Development: 8 things to note before getting started!,Ahmed Ginani,9 min read,https://medium.com/@elijah_williams_agc/app-development-8-things-to-note-before-getting-started-a7dd4636c402
Introduction to Android App Development with Java,Digvijay121,6 min read,https://medium.com/@digvijayndmitteamg/introduction-to-android-app-development-with-java-2025e504628b
Top Mobile App Development Platforms for Building Exceptional Apps,Quickway Infosystems,4 min read,https://medium.com/@Quickway_Infosystems/top-mobile-app-development-platforms-for-building-exceptional-apps-2461a0bc66aa
Fast and easy: TOP-8 best mobile app development frameworks,COAX Team,6 min read,https://medium.com/coax-software-blog/fast-and-easy-top-8-best-mobile-app-development-frameworks-5219c08c8ee9
Why Is Learning iOS App Development So Hard?,Gwinyai Nyatsoka,4 min read,https://medium.com/@gwinyainyatsoka/why-is-learning-ios-app-development-so-hard-9ca3aaec6f34
What is mobile app development services?,United Software Solutions Inc,4 min read,https://medium.com/@ussinc/what-is-mobile-app-development-services-d200e9649f0c
Unlocking Mobile Application Development: The Key Features Powering 80% of App Development,Mohit Dubey,4 min read,https://medium.com/@mohitdubey_83162/unlocking-mobile-application-development-the-key-features-powering-80-of-app-development-8df8d06befb8
The Evolution of Mobile App Development,Sezer,4 min read,https://szrr.medium.com/the-evolution-of-mobile-app-development-4bde393d809f
5 Compelling Reasons to Opt for Hybrid App Development,sphinx,4 min read,https://medium.com/@sphinxshivraj/5-compelling-reasons-to-opt-for-hybrid-app-development-d0fdc3debcb6
App Development Life Cycle: A Guide to Creating Successful Apps,Grow Solutions,10 min read,https://medium.com/@growsolutions/app-development-life-cycle-a-guide-to-creating-successful-apps-dcb223cc1aea
"Mobile App Development Team: Its Structure, Hiring Models, and Best Tips",Pratik Mistry,3 min read,https://pratikmistry.medium.com/mobile-app-development-team-its-structure-hiring-models-and-best-tips-fa4214289990
Emerging Technologies in Mobile App Development,Tarun Nagar,4 min read,https://medium.com/@dubaidevmarketing/emerging-technologies-in-mobile-app-development-be55d4d48599
Top 10 IDEs for Android app development projects in 2024,Sparkleo,5 min read,https://medium.com/@sparkleo/top-10-ides-for-android-app-development-projects-in-2024-d66eb3d7c662
From Concept to Creation: The 7-Step App Development Process,Melissa Crooks,5 min read,https://medium.com/@melissacrooks/from-concept-to-creation-the-7-step-app-development-process-57ae9830af81
Desktop App Development: A Complete Guide for 2025,Jhavtech Studios,7 min read,https://jhavtech.medium.com/desktop-app-development-a-complete-guide-for-2025-931d4fe354e4
Top 15 Mobile App Development Companies for 2025: Insights from Clutch‚Äôs Leaders Matrix,Shanal Aggarwal,3 min read,https://medium.com/@shanalaggarwal9/top-15-mobile-app-development-companies-for-2025-insights-from-clutchs-leaders-matrix-f834b73e6f5d
Mastering iOS and Android App Development,Pamela Salon,10 min read,https://pamsalon.medium.com/mastering-ios-and-android-app-development-1ef54c559656
The Ultimate Guide to Choosing a Mobile App Development Service,DianApps Technologies,8 min read,https://medium.com/@marketing_96275/the-ultimate-guide-to-choosing-a-mobile-app-development-service-2dba6705b4d1
Mastering App Development: A Step-by-Step Guide to Building Clones of Popular Applications,Smith,4 min read,https://medium.com/@asbmerin/mastering-app-development-a-step-by-step-guide-to-building-clones-of-popular-applications-26d598d49856
The Importance of Mobile App Development for Businesses,Colourmoon Technologies,5 min read,https://medium.com/@colourmoontech/the-importance-of-mobile-app-development-for-businesses-6cf98ec35ba7
iOS App Development: 10 Must-Have Tools for Every Developer,Designveloper,21 min read,https://dsvgroup.medium.com/android-software-development-10-essential-tools-every-developer-needs-622157c022d7
Java‚Äôs Role in Web and App Development: Powering the Digital Experience,Kanak Sengar,6 min read,https://medium.com/@KanakSengar/javas-role-in-web-and-app-development-powering-the-digital-experience-5162502dd2a8
The Mobile App Development Process: 15 Things You Should Know,Quokka Labs,9 min read,https://medium.com/@quokkalabs135/the-mobile-app-development-process-15-things-you-should-know-74f033425d97
20 Projects to Master App Development with Flutter,Ugama Benedicta Kelechi,4 min read,https://medium.com/@ugamakelechi501/20-projects-to-master-app-development-with-flutter-d2f2593dca59
Hiring a Mobile App Developer? Here‚Äôs a Breakdown of the Costs You Need to Know,Quokka Labs,6 min read,https://medium.com/@quokkalabs135/hiring-a-mobile-app-developer-heres-a-breakdown-of-the-costs-you-need-to-know-36140d59a950
How to Start Working on Mobile App Development When You Have Web Development Experience,Gopesh Jangid,3 min read,https://medium.com/@gopesh.jangid/best-way-to-start-working-on-mobile-app-development-when-you-have-web-development-experience-fcb19d50bedb
App Development Cost In Singapore In 2024,DianApps Technologies,6 min read,https://medium.com/@marketing_96275/app-development-cost-in-singapore-in-2024-982ee47d1ded
Mastering Mobile App Development Methodologies: A Comprehensive Guide,Belousova Model,10 min read,https://medium.com/@belousova.model/mobile-app-development-methodologies-69c77b9f5e35
Top 5 Mobile App Development Companies To Hire In 2025,Lilly Gracia,6 min read,https://medium.com/pythoneers/top-5-mobile-app-development-companies-to-hire-in-2025-b6af1ffd66cb
Top 6 AI Tools For Mobile App Development,XongoLab Technologies,5 min read,https://xongolab.medium.com/ai-tools-for-mobile-app-development-e8ae86131951
Mastering Flutter App Development: A Comprehensive Guide for Developers,Vikas,14 min read,https://medium.com/@kaushikvikas/mastering-flutter-app-development-a-comprehensive-guide-for-developers-78f957ca9b4d
Top 10 App Development Frameworks to Watch in 2025,Lilly Gracia,6 min read,https://medium.com/nerd-for-tech/top-10-app-development-frameworks-to-watch-in-2024-66a2a777bd25
